<?xml version="1.0" encoding="UTF-8"?>
<project-private xmlns="http://www.netbeans.org/ns/project-private/1">
    <editor-bookmarks xmlns="http://www.netbeans.org/ns/editor-bookmarks/2" lastBookmarkId="1">
        <file>
            <url>src/Polimorfismo/VehiculoTurismo.java</url>
            <bookmark id="1">
                <name/>
                <line>18</line>
                <key/>
            </bookmark>
        </file>
    </editor-bookmarks>
    <open-files xmlns="http://www.netbeans.org/ns/projectui-open-files/2">
        <group>
            <file>file:/C:/Users/Wollm/OneDrive/Documentos/NetBeansProjects/Polimorfismo/src/Polimorfismo/Main.java</file>
            <file>file:/C:/Users/Wollm/OneDrive/Documentos/NetBeansProjects/Polimorfismo/src/Polimorfismo/VehiculoTurismo.java</file>
            <file>file:/C:/Users/Wollm/OneDrive/Documentos/NetBeansProjects/Polimorfismo/src/Polimorfismo/Vehiculo.java</file>
            <file>file:/C:/Users/Wollm/OneDrive/Documentos/NetBeansProjects/Polimorfismo/src/Polimorfismo/VehiculoDeportivo.java</file>
        </group>
    </open-files>
</project-private>
